stock_id,pred10,pred5,close
1101,-0.057768658,-0.0034110998,37.9
1102,0.008375866,0.03663999,44.65
1103,-0.06771058,0.027468443,20.1
1104,-0.0027591675,0.042332135,27.9
1108,0.019955477,0.0818153,15.45
1109,0.08422611,0.024933942,18.55
1110,-0.045158103,-0.046702072,19.9
1201,0.02620079,-0.050055727,20.75
1203,-0.06814717,-0.01656958,41.65
1210,-0.070982315,0.048882,54.0
1213,0.046650954,0.0033871485,6.5
1215,0.010012506,-0.006951904,92.0
1216,-0.09918547,0.06264641,75.7
1217,-0.004010552,0.018503722,11.5
1218,0.02239517,-0.025460897,30.7
1219,-0.050215855,0.106299095,21.45
1220,-0.018041546,-0.025404902,15.5
1225,0.007411158,-0.0768047,60.5
1227,-0.020488696,-0.006729489,41.65
1229,0.003835034,-0.046206705,62.8
1231,-0.016119907,-0.023824386,92.0
1232,-0.06925505,-0.04959761,152.5
1233,-0.0034898608,-0.022252899,34.15
1234,-0.07762145,-0.018111471,37.65
1235,0.055626355,-0.08591314,82.0
1236,-0.05012218,0.008079445,23.75
1256,-0.057400353,0.01342769,318.5
1301,0.04694578,0.035337582,93.5
1303,0.008998368,0.011106845,80.7
1304,0.012986584,0.026263114,23.65
1305,-0.03122438,-0.026345264,24.6
1307,-0.023413168,0.09122276,24.1
1308,-0.019173184,0.13176563,26.45
1309,-0.08487249,-0.012907647,20.25
1310,0.019722989,-0.022557545,16.85
1312,-0.00509938,0.013821688,19.3
1313,-0.0771817,0.014425963,14.55
1314,0.03653371,0.04708518,9.85
1315,-0.036130257,0.005556993,70.3
1316,0.06381715,0.054984927,13.35
1319,-0.040716417,0.08856951,49.9
1321,-0.05586975,0.062954664,34.3
1323,-0.012522543,0.053784437,32.8
1324,-0.041341584,0.012300949,11.6
1325,-0.022269042,-0.013608686,25.1
1326,-0.038062222,-0.025432564,70.1
1337,0.025978064,-0.01428919,8.68
1338,-0.13167039,0.052861135,44.3
1339,0.07509149,0.021967847,44.7
1340,-0.01230971,-0.022787428,13.05
1341,0.0019950182,0.032836553,71.3
1342,-0.060552336,0.07810979,131.5
1402,-0.013175765,0.022924531,32.05
1409,0.0052626044,-0.04209195,17.2
1410,-0.056785688,0.0532943,37.2
1413,-0.1063293,-0.04316078,9.19
1414,-0.008283922,-0.017002037,17.4
1416,-0.06378407,0.0006258264,11.55
1417,-0.036233637,-0.019651873,13.5
1418,-0.080661766,-0.036467098,17.5
1419,0.040422447,0.057652354,41.3
1423,-0.045789503,0.09992505,23.55
1432,0.022937015,0.022560593,16.2
1434,-0.010792652,-0.03656526,28.1
1435,0.0,0.0,26.3
1436,-0.026388878,0.02386304,60.0
1437,-0.08871267,-0.028675893,29.2
1438,0.07813439,0.06905498,30.8
1439,-0.026931355,0.03055165,22.95
1440,-0.13789162,0.1197912,16.35
1441,-0.018961066,0.009078158,8.2
1442,0.006570569,0.015667733,32.1
1443,-0.03455335,-0.053280696,29.4
1444,-0.032630377,0.0500329,10.7
1445,-0.08752592,0.030408196,20.45
1446,-0.022997702,0.01823552,31.45
1447,-0.045431055,0.08572097,7.87
1449,-0.07023248,0.049273938,14.95
1451,-0.06699256,0.017970905,21.3
1452,-0.09611479,-0.028658926,17.65
1453,-0.03673102,0.0011290181,15.6
1454,0.006773612,-0.021435808,15.75
1455,-0.050592184,0.038880173,10.65
1456,0.008510707,-0.0148207825,17.0
1457,0.049514353,0.06990184,18.7
1459,0.052651905,0.02843786,9.07
1460,-0.024611454,0.09799141,8.18
1463,-0.0033787726,0.023481943,14.55
1464,-0.020066166,0.034992784,15.15
1465,-0.077632405,0.063254625,14.35
1466,0.009216053,0.05411609,11.3
1467,-0.05866033,0.078883134,11.5
1468,0.015845,0.037054062,14.8
1470,0.0697194,-0.018029643,19.8
1471,0.06385249,-0.007057853,9.26
1472,-0.019590745,-0.03390225,31.0
1473,-0.0011950745,-0.099673614,23.75
1474,0.04512498,-0.11392423,12.35
1475,-0.018734967,0.048636217,56.5
1476,0.0033060075,-0.027337492,481.0
1477,-0.029733712,0.07359059,225.5
1503,0.004197786,0.07053378,138.0
1504,-0.031017968,0.07020315,51.9
1506,-0.031834036,0.031253368,19.6
1512,-0.0017454266,0.023198558,13.2
1513,0.01579607,0.04358051,114.0
1514,-0.017460326,0.050003618,52.4
1515,-0.06198353,-0.012234563,29.8
1516,0.023855865,0.044331376,20.6
1517,-0.058784384,-0.002767928,18.9
1519,-0.08329345,0.05272978,137.0
1521,-0.01354135,-0.010128366,37.65
1522,-0.026879111,0.004651743,29.7
1524,0.0020730407,0.047240324,22.65
1525,-0.059702195,0.089979924,81.5
1526,0.002232647,0.024613332,41.15
1527,-0.07166756,-0.005958721,42.45
1528,-0.006926836,-0.0025057923,12.5
1529,-0.040888675,0.113034755,39.5
1530,0.03302488,-0.028344162,33.1
1531,-0.016091187,0.03048212,14.75
1532,-0.056017753,0.072581954,35.85
1533,0.046158068,0.07491396,56.1
1535,-0.01842594,-0.0057676174,53.2
1536,-0.04074669,-0.039365277,72.4
1537,-0.044538736,0.08935532,139.5
1538,-0.09938765,0.12020358,9.59
1539,0.047545794,-0.011158304,28.55
1540,-4.36916e-05,0.07750162,16.65
1541,-0.003427507,0.004471616,34.5
1558,-0.09501273,0.12030381,110.0
1560,-0.083494805,0.04043649,112.0
1568,-0.016914057,0.03607644,25.0
1582,-0.05092388,0.017078845,59.5
1583,-0.122500435,-0.038441118,68.7
1587,0.053553782,-0.039447486,22.35
1589,0.07983857,-0.0046403385,85.0
1590,-0.05855982,0.048897132,1060.0
1597,-0.05050683,-0.05939124,75.4
1598,-0.08632721,0.044924848,42.0
1603,-0.0019367984,0.03930791,27.45
1604,0.0048179463,0.045827277,27.25
1605,-0.012242565,0.034362018,46.1
1608,-0.010462595,0.0328129,18.85
1609,-0.08588936,0.03876932,31.75
1611,-0.020975402,0.035177834,18.1
1612,0.014126388,0.034579784,22.65
1614,-0.08691072,0.004508502,37.65
1615,-0.03689655,0.024053577,37.55
1616,-0.019439617,0.009325434,10.15
1617,-0.028899059,-0.04358846,16.5
1618,-0.0034794747,0.031046309,20.25
1626,-0.089733735,0.033944905,18.8
1701,-0.01000059,0.030062791,26.45
1702,-0.0019715368,-0.059797473,51.3
1707,-0.029530236,0.022554234,178.5
1708,-0.004739897,0.024718234,37.1
1709,0.02002292,0.0099983765,25.45
1710,-0.0068521216,0.05695645,21.6
1711,-0.008472687,0.023439182,20.55
1712,-0.0022926717,0.016565396,35.75
1713,-0.030245362,-0.012729658,32.0
1714,-0.05870501,0.026840065,9.28
1717,-0.050499562,-0.033146895,33.15
1718,0.02311956,0.069390476,8.21
1720,-0.011233838,0.06468748,71.1
1721,0.020847162,0.002434034,16.3
1722,-0.021550575,0.07253393,60.5
1723,-0.022895316,0.04394931,113.0
1725,0.03581725,-0.032757983,22.75
1726,0.032372795,-0.025618408,75.9
1727,0.04892876,0.07275294,40.75
1730,-0.055396505,-0.003767928,59.7
1731,-0.07672681,0.002319701,23.45
1732,-0.017753208,0.004951058,27.65
1733,-0.044856966,0.04431565,27.35
1734,-0.0539032,0.04314528,33.8
1735,0.04435105,-0.0079536205,16.75
1736,0.012516307,0.056823332,61.3
1737,-0.09386333,0.06046714,33.9
1752,0.017274404,-0.02087567,68.8
1760,-0.086885855,0.007432012,156.0
1762,0.064879775,0.088436544,95.0
1773,0.016347283,-0.022208532,128.0
1776,-0.019391082,-0.057890695,19.35
1783,-0.0011710315,0.090154424,61.8
1786,-0.08931902,0.04532065,70.7
1789,-0.02786241,0.034693096,26.8
1795,-0.07404093,0.18826312,342.0
1802,0.003589964,0.123542696,19.0
1805,0.062510744,-0.08506145,9.9
1806,-0.044448353,-0.011025117,9.02
1808,-0.023000944,0.07042502,76.8
1809,-0.0015761643,0.060787942,15.2
1810,0.010873685,0.068768635,24.5
1817,-0.05330602,0.015411342,38.65
1903,0.02075441,0.031246215,44.35
1904,-0.0004190146,0.014067422,32.6
1905,-0.020134496,0.04374648,25.35
1906,-0.09208613,0.07481566,16.15
1907,-0.021784032,0.030450981,33.4
1909,-0.0071429103,0.07182142,16.9
2002,-0.05264672,0.034656804,29.9
2006,0.0100023355,0.100333795,57.1
2007,-0.005522845,0.07013842,10.8
2008,0.042848002,0.06610482,19.4
2009,-0.05791056,0.00607367,32.05
2010,-0.0044044494,0.015958939,16.85
2012,0.04065895,-0.037775956,27.3
2013,0.029476723,-0.048771374,57.5
2014,0.0076913894,0.10299695,23.75
2015,-0.09861462,0.036036268,68.6
2017,-0.12075558,0.026167147,17.5
2020,0.03278966,0.083468385,23.75
2022,-0.07154019,0.046871766,10.5
2023,-0.0016431077,0.01149267,15.5
2024,0.032892324,0.037942667,18.65
2025,-0.016446078,0.0033758283,6.0
2027,-0.15865783,0.06440187,45.4
2028,-0.03565255,0.06621636,26.75
2029,0.0100305285,-0.0057266764,25.3
2030,0.017994484,0.065197565,22.75
2031,-0.044046327,-0.06406952,49.5
2032,-0.0055452636,-0.008139672,18.15
2033,-0.14285743,0.13947019,15.35
2034,0.0048067183,0.013749231,29.1
2038,-0.10506,-0.05538228,20.4
2049,0.034842826,0.051250868,240.0
2059,-0.028192783,0.024560144,419.0
2062,-0.043864436,0.0115628205,21.7
2069,-0.04188288,0.0074499305,19.4
2101,-0.027960306,0.09536998,39.55
2102,0.052408747,0.007908823,20.5
2103,-0.07004542,-0.06493373,26.55
2104,0.002528055,-0.020339208,20.55
2105,-0.07029072,0.025805715,39.95
2106,-0.0074160933,0.04765193,31.1
2107,-0.036765087,-0.04326643,21.9
2108,-0.014149552,0.014379781,39.05
2109,-0.044011854,0.06698025,14.75
2114,0.17572097,-0.058375027,104.0
2115,0.02045781,-0.032969043,34.15
2201,-0.042956494,0.0024305414,83.7
2204,-0.029343376,0.025723796,86.1
2206,-0.05694744,0.045464553,72.5
2207,-0.07143008,-0.075137675,829.0
2208,-0.0794824,-0.0078013493,25.2
2211,-0.04614217,0.055753455,61.2
2227,0.0024347366,0.087016836,198.0
2228,0.006826593,-0.026035355,84.5
2231,0.04056284,0.10046366,180.5
2233,0.0101316925,-0.03080421,111.5
2236,-0.0029604076,0.019665929,41.6
2239,0.060325794,0.043456793,77.8
2241,-0.014178375,0.009833945,34.25
2243,-0.014290305,0.036031,19.1
2247,0.037845485,0.0374787,295.0
2250,-0.021205423,0.017943718,70.0
2301,-0.028333409,0.056545086,80.2
2302,-0.055214748,0.049120463,19.85
2303,-0.08147255,-0.01905686,48.9
2305,-0.016292768,-0.01295098,24.4
2308,0.047133915,0.055390317,302.5
2312,-0.015090043,0.00578939,13.3
2313,-0.074777655,0.04965499,42.2
2314,-0.008574778,0.05140402,48.6
2316,0.025447182,0.031944245,28.2
2317,0.12031305,0.034815516,102.5
2321,0.026382616,-0.024082169,19.1
2323,-0.010748921,0.01299802,9.41
2324,0.057323292,0.06520807,26.45
2327,-0.07296837,0.01802703,493.5
2328,0.0011652173,0.08088948,38.2
2329,0.08737874,0.07688475,19.5
2330,-0.07631212,-0.0074198786,530.0
2331,-0.03094148,0.06832251,26.75
2332,-0.031210912,-0.024219332,20.1
2337,-0.03024354,0.048039597,32.8
2338,-0.09744508,0.04674221,81.6
2340,-0.052230377,0.007783899,36.25
2342,-0.10311299,0.09352393,39.6
2344,0.0066943825,0.009349165,25.5
2345,-0.07576387,-0.032439478,286.0
2347,-0.027824434,0.045609437,65.6
2348,-0.07452016,-0.026478332,67.1
2349,-0.0056881025,0.0056487713,9.07
2351,-0.10314806,0.061696246,118.5
2352,-0.02645435,0.12994353,38.05
2353,-0.02054091,0.029536013,30.75
2354,0.025367975,0.10407896,53.9
2355,-0.012200223,-0.007844903,31.0
2356,-0.023958705,0.06965091,31.0
2357,-0.09406259,0.008317174,307.0
2358,-0.047653403,0.021419132,12.3
2359,-0.034588985,0.05907422,31.95
2360,-0.052208252,0.030395359,198.0
2362,-0.047524095,-0.0067375787,32.25
2363,-0.10125941,0.023155993,17.55
2364,-0.018148495,0.03544708,107.5
2365,0.018566994,-0.06777632,10.85
2367,0.010909615,0.092232876,18.1
2368,-0.07437729,0.07399447,110.5
2369,0.010631552,0.030127808,14.4
2371,-0.1339193,0.014290784,37.8
2373,-0.11722125,0.005551297,80.0
2374,-0.05631429,0.043975666,20.15
2375,-0.027729915,-0.06865299,70.5
2376,-0.015860388,0.070326954,160.0
2377,-0.034394864,-0.05289759,158.5
2379,0.05232279,-0.035381712,373.0
2380,0.012355765,-0.040593196,10.15
2382,-0.09254321,-0.017959317,107.0
2383,-0.0017955988,0.064240456,187.5
2385,0.069337524,0.044561762,103.5
2387,-0.07118297,0.071217656,41.2
2388,-0.019158082,-0.02545945,77.1
2390,-0.026419247,0.055103675,12.25
2392,0.051065467,-0.00314721,40.4
2393,0.03752489,0.057326242,45.9
2395,0.03238286,0.046119686,398.0
2397,-0.06531032,-0.03891921,70.0
2399,-0.019386364,-0.007837344,19.5
2401,-0.08402652,0.019787766,24.2
2402,0.017611897,0.005899216,28.95
2404,-0.07769572,0.0003959369,224.5
2405,-0.071959786,0.06979612,12.4
2406,0.015069691,0.010067131,18.4
2408,-0.10276837,0.045817003,69.9
2409,0.026564462,-0.034876987,17.6
2412,-0.021369668,0.0022334103,126.5
2413,0.03638996,0.06266165,33.8
2414,-0.17765762,-0.012433339,35.15
2415,-0.011184597,-0.040613774,23.4
2417,0.00082570175,0.13400087,21.6
2419,0.012032906,-0.040489092,26.6
2420,0.0127301235,0.060765807,45.45
2421,0.014917498,0.047354043,72.0
2423,-0.042056687,0.043685026,35.3
2424,-0.014652481,0.038863193,29.05
2425,-0.06729103,0.027877245,28.3
2426,-0.051597778,-0.00611509,18.3
2427,-0.08874677,0.023578096,24.0
2428,0.032634243,0.019176178,157.5
2429,0.07859586,-0.057029326,20.45
2430,-0.11692189,0.014457593,42.95
2431,-0.082832195,0.05768033,10.8
2433,0.016448319,-0.005060899,53.7
2434,-0.057115532,-0.07116563,29.5
2436,-0.11651199,0.029618401,50.1
2438,0.122144066,-0.012202956,24.65
2439,0.008791288,0.0644536,88.9
2440,0.0031676502,-0.029680924,11.5
2441,-0.014090113,-0.045417957,54.8
2442,-0.02256249,0.08126822,18.7
2443,-0.020197945,0.07260149,3.38
2444,-0.04659817,0.0042363983,15.4
2449,0.006868823,0.078684114,46.8
2450,0.13277362,-0.014240025,36.4
2451,-0.11180976,0.008293416,73.0
2453,-0.09869345,-0.0062861517,68.3
2454,-0.043950934,0.080200076,716.0
2455,0.009128278,0.018879808,95.9
2457,-0.029245557,0.078464076,75.5
2458,-0.046416488,0.10310048,98.1
2459,-0.07639317,0.048489586,57.3
2460,0.08247964,0.055059806,20.8
2461,0.040513206,0.0020822831,22.95
2462,-0.023180472,0.08320559,31.1
2464,-0.04182133,0.035113975,37.6
2465,-0.15109716,0.00038294494,36.05
2466,-0.15528399,-0.016244823,35.95
2467,-0.034737267,-0.0073607797,49.7
2468,-0.06532562,-0.013924394,27.2
2471,0.0082637,0.085227326,62.7
2472,-0.007527569,0.14214668,63.3
2474,-0.050373174,0.047259986,188.0
2476,-0.017028118,0.00939,50.8
2477,-0.012910405,-0.009509802,20.5
2478,0.048824452,0.05405451,48.0
2480,0.04424794,0.011480523,115.0
2481,-0.029875554,0.019945469,67.5
2482,-0.03578365,0.054460704,65.3
2483,-0.041436747,0.062763564,27.75
2484,-0.047652073,0.03732202,35.2
2485,-0.020924097,0.050888065,18.95
2486,-0.017476654,-0.057945393,29.4
2488,-0.014663937,-0.031961806,31.2
2489,-0.04757642,0.056994393,12.95
2491,-0.0037590913,-0.018937778,15.15
2492,-0.03054587,0.06837726,100.0
2493,0.03668663,-0.0021375082,60.6
2495,-0.081701204,0.010127952,24.5
2496,-0.011990862,-0.008429637,53.4
2497,-0.16243187,0.09689954,72.0
2498,-0.06622935,0.038555674,60.1
2501,-0.078403436,0.086973816,16.55
2504,-0.01525558,-0.05897609,28.8
2505,0.011714602,-0.029188981,18.75
2506,-0.014432201,-0.01639241,9.38
2509,0.0102676805,0.032636873,15.75
2511,-0.05460636,0.008571018,12.1
2514,-0.053576834,-0.027463894,16.95
2515,0.020786708,-0.042070482,10.45
2516,-0.033798166,-0.030847453,5.13
2520,0.00038537988,-0.0031658784,29.8
2524,-0.027379286,-0.010821709,31.9
2527,-0.10111221,0.0024873475,23.75
2528,-0.05805284,0.03169154,24.5
2530,-0.018514173,0.062520765,22.9
2534,-0.06336118,-0.061004974,22.8
2535,-0.0008212938,-0.0004658699,32.7
2536,-0.054357577,0.09644443,26.2
2537,-0.03245408,-0.108552225,7.18
2538,-0.07958273,0.08733368,12.9
2539,0.054238148,0.0021096226,37.85
2540,0.058290586,0.006556292,79.4
2542,-0.08775997,0.023540955,42.75
2543,-0.01372358,-0.07810247,9.6
2545,-0.020861829,-0.0836228,46.25
2546,-0.0673069,-0.042171083,67.7
2547,-0.036991213,0.019488968,9.33
2548,0.010776063,0.11337107,97.2
2597,-0.051243264,-0.038369335,118.0
2601,-0.038330827,0.043408796,9.13
2603,0.12207001,0.056394868,151.5
2605,-0.035517365,0.06099549,22.3
2606,-0.067667075,-0.0047447374,53.0
2607,-0.059843943,0.015845079,27.4
2608,-0.027686289,-0.016147899,38.65
2609,0.0024812655,0.007068377,61.7
2610,0.00861044,-0.001357655,20.35
2611,-0.06490239,0.124232516,13.05
2612,-0.027538786,-0.064812616,40.25
2613,0.021486348,-0.00504994,22.2
2614,0.010486001,-0.06940101,19.35
2615,-0.13064833,0.11328475,60.1
2616,-0.026695149,0.03332412,32.6
2617,0.017133547,0.01832616,30.2
2618,-0.046729125,0.05603878,30.35
2630,-0.015059711,0.05458671,40.0
2633,-0.0479694,0.05958774,33.3
2634,-0.08264115,0.034332,56.7
2636,0.11652114,0.058196895,76.9
2637,-0.025971541,-0.009210165,63.0
2642,0.026173359,0.03137809,46.2
2645,-0.0011992357,0.011078123,108.0
2701,-0.074615374,0.036418825,13.25
2702,-0.051630005,-0.048437346,25.0
2704,-0.04585295,0.021278206,46.8
2705,0.1283845,0.03683827,20.1
2706,-0.10558573,0.0016545216,16.3
2707,-0.017069863,0.060462527,287.5
2712,-0.009827876,-0.053772517,37.4
2722,-0.04361346,0.041245405,63.2
2723,-0.042400427,0.00416442,162.5
2727,-0.0986271,0.0335425,320.5
2731,0.034777083,0.060161088,184.5
2739,-0.06315678,-0.011927253,76.5
2748,-0.025852168,0.011387445,92.7
2753,0.046744972,0.101718694,169.5
2801,-0.048469283,-0.11687927,18.3
2809,0.06839978,-0.0103855925,35.9
2812,-0.057274416,0.009715863,14.7
2816,0.048084993,0.0037040822,17.25
2820,0.05218851,0.0058070533,15.55
2832,-0.05312582,-0.0077900793,22.4
2834,0.016488997,0.07447385,14.25
2836,0.09268102,-0.0785262,12.4
2838,0.00060805166,-0.0038944297,16.75
2845,-0.015946107,-0.02212457,11.4
2849,-0.048018537,-0.03480652,15.35
2850,-0.06874373,-0.009614156,52.8
2851,0.005957565,0.124687344,19.95
2852,-0.02281967,-0.053308472,15.95
2855,0.0587395,0.045090508,17.0
2867,0.046400674,0.020921487,5.29
2880,-0.09044955,-0.006939144,22.65
2881,-0.03550995,0.028324915,61.4
2882,-0.016165862,-0.008993164,44.8
2883,0.019005135,0.071311295,13.3
2884,-0.045092918,0.026162341,26.1
2885,-0.059686564,0.006389511,23.65
2886,-0.08713186,0.08090717,36.2
2887,-0.09593617,0.06041483,18.75
2888,0.0021945448,0.063283905,8.6
2889,-0.004310166,0.02167233,12.55
2890,0.030150196,0.011020531,17.45
2891,-0.06633589,-0.0087518655,24.6
2892,-0.0408075,0.0009750221,28.15
2897,-0.033583783,0.16281876,10.25
2901,-0.053001113,-0.021255346,25.35
2903,-0.07088991,-0.0711753,24.4
2904,-0.0719522,-0.004777421,20.2
2905,-0.05766955,0.05916608,15.4
2906,0.007250423,-0.04712875,16.8
2908,0.03879846,-0.023425689,20.95
2910,-0.052716352,-0.049460463,29.85
2911,-0.025303813,0.037183724,7.16
2912,-0.023543471,0.12741663,287.0
2913,-0.009766629,0.083858624,22.7
2915,-0.056501836,0.06895271,57.1
2923,-0.052377112,-0.020891646,25.55
2929,-0.008128906,0.023260057,13.15
2939,-0.04560574,0.025888104,33.05
2945,-0.04399333,0.03368605,42.4
3002,-0.11307106,0.03057127,13.0
3003,0.03480255,0.06652346,78.8
3004,-0.030612009,0.043568276,105.0
3005,0.030565476,-0.013504625,67.5
3006,-0.019567242,0.052700832,82.8
3008,-0.01948228,0.030245397,2225.0
3010,0.023504956,-0.023537163,85.6
3011,-0.11224889,0.09654151,28.65
3013,-0.022426764,0.015860675,21.4
3014,-0.0061045266,0.004831356,109.0
3015,-0.046189934,-0.0031455234,49.55
3016,-0.0509856,-0.07715869,63.5
3017,-0.024035698,0.027902927,182.5
3019,0.0067815655,-0.08861561,64.2
3021,-0.0025392934,0.044555537,21.75
3022,-0.08987389,0.025859123,91.4
3023,-0.04156205,0.085463025,352.0
3024,-0.04397714,-0.0097903125,15.3
3025,-0.049681876,0.027510215,37.35
3026,-0.045774024,-0.02788372,103.5
3027,0.020182224,0.07328762,42.4
3028,-0.03602422,-0.021969933,33.95
3029,0.0434807,-0.0028606653,62.7
3030,0.07227854,-0.037520073,64.2
3031,-0.07106241,0.06973492,19.05
3032,-0.09422644,0.0030508395,54.5
3033,0.043503128,0.12206968,30.65
3034,0.10214407,0.071515106,409.0
3035,-0.049106486,0.04868505,171.0
3036,-0.0332278,0.046019115,66.8
3037,-0.07503066,0.053280853,167.0
3038,-0.040691964,0.044005275,31.7
3040,-0.016979346,0.062386855,31.9
3041,0.037855357,-0.01819022,20.55
3042,0.008098541,0.0057606716,87.3
3043,-0.013555663,0.056732725,38.4
3044,0.018994393,0.006890442,125.0
3045,0.019838994,0.030867219,104.0
3046,0.015143655,-0.00086218305,83.5
3047,0.09474588,-0.040156495,15.35
3048,-0.06438899,0.035646655,27.1
3049,0.059675835,0.081551716,9.77
3050,-0.08712285,0.032632086,15.75
3051,0.07564552,0.042570285,18.25
3052,-0.13881443,0.015393436,12.25
3054,-0.05749936,-0.009632511,19.25
3055,-0.024230877,0.00601204,31.15
3056,0.04137522,0.021810316,48.5
3057,-0.033153407,-0.018779311,11.65
3058,0.037678447,0.032379292,27.8
3059,-0.009019593,0.023358233,34.35
3060,-0.0021518297,0.02745011,17.05
3062,-0.0303707,-0.014270326,22.4
3090,-0.026570702,-0.083955616,57.2
3092,-0.012454053,0.08839421,35.75
3094,-0.048200503,0.048991874,35.55
3130,-0.05080322,0.019499544,215.0
3138,-0.027864927,0.050729737,152.0
3149,-0.041339956,0.054158315,14.5
3164,-0.016878242,0.016880937,26.5
3167,-0.027183035,-0.009463899,41.95
3189,0.055768467,0.0011873154,112.5
3209,0.012076905,0.03918446,41.55
3229,-0.06018969,0.022762144,19.3
3231,-0.034679316,0.076300934,53.6
3257,-0.030468596,0.014246868,67.7
3266,-0.09703178,-0.019997595,13.05
3296,-0.06356192,0.10101548,16.5
3305,0.042423904,0.0093093375,49.4
3308,-0.055211253,0.10196341,37.3
3311,-0.009822348,0.034601286,34.25
3312,-0.044736575,0.034933873,21.45
3321,-0.03044782,0.04345712,6.2
3338,-0.056822583,0.040868104,46.35
3346,0.028604267,0.008719822,42.3
3356,0.052118056,0.024208896,40.55
3376,-0.028787913,-9.4376504e-05,92.4
3380,-0.055509403,-0.013896331,36.65
3406,0.028466789,0.0012653517,393.5
3413,-0.03368827,0.026636451,187.5
3416,-0.015644046,0.017474718,117.5
3419,-0.06371054,0.033246856,20.5
3432,-0.059921462,0.0005332483,12.85
3437,-0.05768252,-0.0055297576,18.95
3443,-0.010659166,0.01263094,1285.0
3447,0.06386656,-0.011078458,49.0
3450,0.016789226,0.037164364,37.15
3454,-0.08785908,0.06426389,194.5
3481,-0.067585155,0.02571674,13.85
3494,-0.10812631,0.014319781,8.0
3501,-0.09756874,0.039088912,55.5
3504,0.08402497,-0.039670974,81.2
3515,0.002169876,0.046975464,139.0
3518,-0.045662314,0.106006086,31.0
3528,0.13412876,-0.02248176,59.8
3530,0.022156438,-0.11014558,79.3
3532,0.047354743,0.050899215,151.5
3533,0.019542297,0.028781723,906.0
3535,0.04596752,-0.012075175,20.25
3536,0.0,0.0,2.92
3543,0.0037797824,-0.017395388,21.55
3545,-0.06752524,-0.018731276,82.4
3550,-0.08690332,0.02170007,15.6
3557,-0.07769925,-0.043717317,73.2
3563,-0.07946797,-0.00010304339,218.0
3576,-0.036405332,0.03655886,20.3
3583,-0.05626824,0.014460541,99.5
3588,-0.052531734,-0.06400086,54.4
3591,-0.07164949,0.071587116,26.2
3592,0.01854617,0.078895696,344.5
3593,0.008659726,-0.0020610653,13.0
3596,-0.07552406,0.054651793,111.5
3605,-0.023400845,0.0018058438,29.2
3607,-0.05119788,-0.046003856,15.5
3617,-0.005354026,0.03382255,193.5
3622,0.021603053,0.009995727,32.6
3645,-0.0008049025,0.013421883,34.6
3652,0.072176896,-0.027476693,30.1
3653,-0.08566989,0.110896915,547.0
3661,-0.10960569,0.034339435,1580.0
3665,-0.07715959,0.003040688,266.0
3669,-0.03576075,-0.018863866,42.2
3673,0.008868506,-0.010224907,41.6
3679,0.007587141,-0.05616049,92.4
3682,-0.05999486,0.056173995,6.78
3686,-0.013946354,-0.044852145,15.15
3694,-0.020539554,0.003442877,28.05
3701,-0.09133329,0.0471953,70.7
3702,-0.027134197,0.0044821026,52.2
3703,0.020283407,0.0050526597,30.85
3704,-0.09405247,0.027286103,42.85
3705,0.00028607855,-0.05022289,47.3
3706,-0.01547114,0.063265234,29.25
3708,0.016062072,0.10339503,96.3
3711,-0.097746395,0.0005508149,110.0
3712,0.0044933693,0.0880698,37.8
3714,-0.019653859,0.060757827,49.55
3715,0.014178118,-0.008635163,27.3
4104,-0.13260967,0.025393475,93.2
4106,-0.07335237,0.025490176,31.6
4108,-0.030262941,0.10478,21.95
4119,0.057550944,0.02495816,117.0
4133,-0.0072752177,0.03703093,35.9
4137,-0.080785565,-0.014821096,219.5
4142,0.044145424,0.053862564,38.55
4148,0.06973461,-0.008003909,57.3
4155,-0.020988615,0.0007023588,37.1
4164,0.00588671,0.053893697,68.2
4190,0.028456083,0.052418534,81.6
4306,0.016580751,0.024957336,16.6
4426,-0.031384826,0.045961414,22.45
4438,0.037693452,0.047350768,118.0
4439,-0.04484275,-0.011332499,127.0
4440,-0.11148637,0.0032353466,33.4
4526,-0.012382509,-0.0051737605,16.75
4532,-0.03653326,0.06754724,18.3
4536,-0.042079534,0.007927254,201.5
4540,-0.030676113,0.07647351,40.95
4545,0.003978633,0.012739342,29.65
4551,-0.004718566,0.069046855,132.0
4552,0.012979759,-0.015442956,34.5
4555,-0.076551564,-0.006941337,48.85
4557,0.00040957937,0.029111981,119.5
4560,0.0069644493,-0.0134813525,39.7
4562,0.025913944,0.030936718,17.4
4564,0.049417786,0.07272987,25.6
4566,-0.013930017,0.033088632,55.6
4571,0.011202356,-0.018972622,79.4
4572,-0.05647725,0.013517012,169.5
4576,0.04778087,-0.05198793,77.0
4581,-0.05709365,-0.049596407,65.9
4583,0.0010084719,0.010051836,200.5
4720,-0.022837372,0.003754994,15.15
4722,0.015153801,-0.014656236,36.4
4737,-0.010180628,0.008297574,78.9
4739,0.028294114,0.045547992,88.5
4746,0.000520336,0.05923848,90.4
4755,-0.058776557,0.034723826,131.0
4763,-0.07600214,0.02906984,565.0
4764,-0.0025221198,-0.049521595,50.7
4766,0.023978515,-0.015406881,172.0
4770,0.0063238093,-0.015615845,280.5
4807,0.014070703,-0.07889661,19.95
4904,-0.02388815,0.024417816,77.8
4906,-0.06815254,0.0688396,30.65
4912,0.031748638,-0.016730707,69.6
4915,-0.086508594,0.016615614,63.4
4916,0.0308164,-0.0068160295,35.5
4919,-0.06927261,0.051005125,127.5
4927,0.0018439055,-0.002471801,61.4
4930,-0.015637407,-0.011513173,25.8
4934,-0.08347412,0.03536445,30.2
4935,-0.0076428778,0.02487158,55.6
4938,0.014473114,0.053368587,73.1
4942,-0.05122301,-0.04161573,39.05
4943,-0.01748597,0.018373717,14.1
4952,-0.06754144,-0.016570665,56.0
4956,0.0086060595,-0.017722245,16.05
4958,-0.05847266,0.0067871846,112.0
4960,-0.03638488,0.0043311557,11.55
4961,-0.04231549,0.04373009,155.0
4967,-0.010215947,0.012482087,59.0
4968,-0.010973448,0.050019182,169.0
4976,-0.054893162,0.03128704,44.3
4977,0.020835442,-0.02476833,106.5
4989,-0.01262377,-0.015496796,26.7
4994,-0.049412407,0.033580575,47.6
4999,-0.025308916,-0.054101497,37.4
5007,-0.012231791,-0.043357354,53.2
5203,0.017926117,-0.03782682,93.8
5215,-0.07534533,-0.009781463,47.05
5222,-0.019815693,0.10016644,198.5
5225,-0.01889191,0.015205976,49.65
5234,0.057603505,0.052154098,97.5
5243,-0.107307024,0.05604647,83.0
5244,-0.048960947,0.018220806,31.4
5258,-0.041781165,0.04737919,91.2
5269,-0.07359088,-0.0100703705,1280.0
5283,-0.018656382,-0.07465216,109.0
5284,0.01088318,-0.100817576,167.5
5285,0.032323144,-0.038822945,72.8
5288,-0.09818966,-0.003145581,195.0
5306,-0.046446808,0.1059412,144.5
5388,0.009741163,-0.004888865,88.5
5434,-0.08576581,-0.04228502,190.5
5469,-0.025719455,0.0016529262,40.9
5471,0.037045397,0.0044937837,50.7
5484,-0.02562106,0.15663563,19.55
5515,-0.028230185,-0.0009035673,14.05
5519,-0.05183219,-0.03311879,24.65
5521,-0.05017315,-0.07672448,7.64
5522,-0.03365767,0.063703954,62.1
5525,-0.07188131,-0.086247146,27.05
5531,-0.06462854,0.05909694,11.8
5533,-0.020239377,0.05955416,19.65
5534,-0.052573353,0.008802539,79.9
5538,-0.05055874,-0.085279256,40.95
5546,-0.04848662,0.04991419,39.9
5607,-0.06401487,0.106309205,67.7
5608,-0.0076601,0.047291357,23.85
5706,-0.014429832,0.019952781,78.9
5871,-0.06101437,0.104481205,213.5
5876,-0.0013776808,0.049958587,47.05
5880,-0.06377706,0.037022322,28.2
5906,0.017359704,0.03690511,65.0
5907,-0.03781984,-0.09514406,16.9
6005,0.08540725,-0.0019841157,13.75
6024,-0.08418105,-0.021578852,44.25
6108,-0.05266302,-0.05331061,17.35
6112,-0.013904111,0.08847991,73.1
6115,0.0025023133,-0.008763639,45.75
6116,0.018883621,0.09526357,12.25
6117,0.05699294,-0.021196183,14.65
6120,0.05167903,0.048299752,10.45
6128,0.06609276,0.011033215,34.05
6133,-0.039611325,0.026355138,19.85
6136,-0.03729125,0.0064919926,19.8
6139,-0.016067402,0.009070472,65.2
6141,-0.00067382446,-0.048090324,17.65
6142,-0.028212676,0.0309752,12.8
6152,-0.10303313,-0.040818796,10.8
6153,-0.05186885,0.052784428,23.35
6155,-0.037934292,0.004720143,25.85
6164,0.026068883,-0.0031662835,12.75
6165,-0.038637806,0.04335591,32.95
6166,-0.01303705,0.026693612,61.1
6168,-0.07270208,0.0576596,24.15
6176,-0.09851373,-0.026769029,117.0
6177,0.0034728781,0.014791125,31.8
6183,-0.06929557,0.013452204,63.9
6184,-0.02614666,-0.020738158,50.8
6189,-0.011341089,-0.02378124,42.25
6191,-0.03871219,0.021766793,38.8
6192,-0.026934812,0.005262485,76.0
6196,-0.048891526,0.06720981,129.0
6197,0.0054622055,0.00022306573,60.3
6201,-0.029939638,-0.024734518,43.75
6202,-0.061276935,0.010086554,68.2
6205,-0.0377676,-0.0008312813,70.7
6206,-0.058115803,0.02354277,71.4
6209,-0.05981364,0.07635488,30.55
6213,-0.049619913,0.0056260806,71.8
6214,0.01525042,-0.027602833,97.6
6215,-0.028191062,-0.019805893,27.1
6216,-0.0713051,0.02715236,27.2
6224,0.073457666,0.07239411,62.9
6225,-0.002756217,-0.10319361,11.3
6226,-0.037008323,0.048495,12.0
6230,-0.085392244,0.039849523,179.0
6235,-0.02875668,0.06665686,113.0
6239,0.027398622,-0.01594562,94.2
6243,0.022526382,0.03741498,42.8
6257,-0.08284854,-0.0073922966,54.1
6269,-0.15664457,-0.013345957,96.6
6271,-0.09809916,-0.00259668,176.5
6277,0.07501241,0.096741326,85.0
6278,-0.027133828,0.043991547,98.9
6281,-0.019256542,-0.09076357,84.9
6282,-0.052726492,0.0039421916,43.7
6283,-0.023229165,-0.037031636,31.9
6285,-0.042584695,0.0539893,84.8
6288,-0.033878066,-0.014129281,33.95
6405,-0.02658304,-0.048714906,23.1
6409,0.021736985,0.038590726,1775.0
6412,-0.046082444,0.04766531,81.9
6414,-0.06275417,0.03875875,283.0
6415,-0.032862738,0.0362176,383.5
6416,-0.030664215,0.062720746,99.6
6426,0.027348774,-0.037284967,60.1
6431,0.027640766,0.09102942,20.85
6438,0.010076573,0.0048744213,115.5
6442,0.03821718,0.05962719,51.2
6443,0.053252067,0.09951722,35.4
6449,-0.020790407,0.0023306618,52.0
6451,0.022171764,-0.019708205,89.6
6456,-0.050364498,0.0730838,76.4
6464,0.03556966,-0.058090355,93.7
6477,0.016486479,0.01635367,51.7
6491,0.056990884,0.03782001,366.5
6504,-0.043855473,-0.08653797,84.0
6505,-0.032196015,0.05468762,88.2
6515,-0.0013665645,0.07707639,691.0
6525,-0.0055507584,0.014855027,74.7
6531,-0.016614506,0.010440578,310.0
6533,0.035677813,0.07447823,494.0
6541,0.01794731,0.005871596,81.5
6550,-0.10494033,0.045581933,93.3
6552,-0.09610868,-0.0050745774,34.9
6558,-0.04608851,0.03499638,31.2
6573,-0.045763306,0.014311653,16.1
6579,0.09613554,0.08847214,109.5
6581,-0.05239351,0.060616046,91.3
6582,-0.009473437,0.055429786,57.6
6585,-0.01225389,-0.006587914,60.7
6591,0.01856906,-0.055285797,51.3
6592,-0.026212739,0.074203834,130.5
6598,-0.02247666,-0.011924885,27.65
6605,-0.02416064,0.016763374,103.0
6606,-0.022908354,-0.009113156,29.0
6625,-0.033932567,0.024922263,98.5
6641,-0.055498146,-0.061599724,55.1
6655,0.10117484,-0.081631474,129.5
6666,-0.039413787,0.03236661,84.2
6668,-0.042569555,-0.014569694,39.65
6669,0.027643194,-0.040992863,1125.0
6670,0.112637945,-0.024245886,213.0
6671,-0.08431629,-0.039707065,42.1
6672,-0.0045360415,0.05361298,87.5
6674,-0.030057648,-0.044954553,27.7
6689,-0.0516456,-0.011687351,157.5
6691,-0.012201929,0.10511871,294.0
6695,-0.002091901,-0.030445013,42.75
6698,-0.019588845,0.08083553,39.65
6706,-0.034343332,0.007335918,83.6
6715,-0.05620043,0.030375306,143.0
6719,-0.012342649,-0.026316568,292.5
6743,0.015423214,-0.011151794,55.7
6753,-0.02404962,-0.01651252,121.5
6754,0.007451503,0.041114844,62.1
6756,-0.07606194,0.0050554704,205.5
6768,-0.10911221,-0.0472627,70.1
6770,0.023441797,0.031461004,30.55
6776,-0.028886648,0.06592685,58.0
6781,-0.053010546,0.07074473,671.0
6782,-0.044948973,0.015104329,225.0
6789,0.039169826,-0.003862929,210.0
6790,-0.058537163,-0.0034886561,37.85
6792,-0.013839984,0.079396576,85.0
6796,0.07877413,0.038812034,95.4
6799,0.017544331,0.07206497,158.0
6806,-0.052912064,0.03476456,113.5
6807,-0.03909359,-0.065750316,28.4
6830,-0.048871554,0.013890407,142.0
6834,-0.049377207,-0.06145295,26.65
6835,-0.1270283,-0.09077617,42.6
6854,0.16086675,-0.0690525,103.0
6861,0.022965526,-0.017304271,105.5
6863,-0.010883825,0.017127931,168.5
6869,-0.062846504,-0.019140476,117.0
6873,-0.08899126,-0.002014582,136.0
8011,0.037276454,0.038510002,18.0
8016,-0.083889045,0.010663334,226.0
8021,-0.02861696,-0.022922385,29.75
8028,-0.019442117,0.03274848,57.7
8033,0.031047253,-0.055740677,67.6
8039,-0.04411316,0.04041695,42.35
8046,-0.013229305,0.027464848,289.0
8070,0.019262483,0.08055909,36.05
8072,-0.02011975,-0.013979128,28.4
8081,-0.07035638,-0.016646441,191.0
8101,0.0018379302,-0.02276653,4.95
8103,0.022937512,0.05165183,36.85
8104,-0.034676556,-0.029341727,40.6
8105,-0.031490836,0.023659917,14.0
8110,-0.04374671,0.064771034,13.25
8112,0.020971619,-0.004111559,45.8
8114,0.025184808,0.070379116,109.0
8131,-0.031896055,0.01877357,42.5
8150,-0.043541696,0.08219837,38.55
8163,-0.029294059,-0.023421679,46.9
8201,0.021378634,-0.01021116,12.6
8210,-0.10970516,0.031788245,91.9
8213,0.08077556,0.0012660949,39.5
8215,-0.02425938,0.006897744,35.2
8222,-0.08631391,0.05156233,62.3
8249,0.070175655,0.07665006,30.75
8261,-0.02710482,-0.016519077,106.0
8271,-0.10017182,0.070170864,51.3
8341,-0.08642758,0.05195456,159.0
8367,-0.06282038,-0.03773378,46.2
8374,0.0015176446,-0.08938112,30.95
8404,0.0056115375,0.014760198,24.8
8411,-0.102538235,-0.046647206,14.8
8422,-0.10869872,0.006908401,207.0
8429,0.040464453,-0.04767319,11.15
8438,-0.046778932,-0.09759228,26.15
8442,-0.041643,0.026119297,88.0
8443,0.13390912,-0.0095802415,11.9
8454,-0.010719288,0.044442713,710.0
8462,-0.0736121,0.006285481,151.0
8463,0.020609057,-0.033596758,26.4
8464,0.016925817,0.023022624,359.5
8466,0.012677958,-0.012406253,44.4
8467,0.080241,-0.020024287,57.0
8473,-0.08435269,0.03928585,29.85
8478,-0.032805912,0.059034117,531.0
8481,-0.069194384,-0.06328853,57.9
8482,-0.13986458,-0.01976446,77.0
8488,-0.099759646,-0.0951283,15.65
8499,0.032560237,-0.049966536,103.0
8926,-0.026554642,0.05487837,52.2
8940,0.03492064,-0.026737403,30.45
8996,-0.033376686,-0.013905135,243.5
9103,-0.05810058,0.070413485,6.71
9105,-0.0027242205,0.004448355,3.91
9110,-0.11178646,0.08074215,6.64
9136,-0.034207623,0.08065275,6.28
9802,0.037805364,-0.0053593777,122.0
9902,0.01689691,0.0038113147,12.35
9904,0.02578794,0.05215201,32.3
9905,0.04278098,-0.021475118,25.5
9906,-0.106642224,-0.010198856,49.5
9907,-0.04511269,0.0408269,19.55
9908,-0.034458883,-0.06351267,32.3
9910,0.031053608,0.024182862,192.0
9911,-0.090672195,-0.06201432,65.8
9912,0.09558227,-0.026046991,10.05
9914,-0.04682473,0.068422295,179.5
9917,-0.011680687,0.004130643,116.0
9918,-0.1627224,-0.14143267,42.55
9919,-0.074144326,0.019472523,17.6
9921,0.011805778,0.11180025,199.0
9924,0.08638598,-0.06044139,43.8
9925,0.040991083,0.0065112542,41.95
9926,0.0062469454,-0.061105017,54.0
9927,-0.05547377,0.084749594,45.65
9928,0.09417053,-0.02290231,20.2
9929,-0.016858129,-0.029106813,9.1
9930,-0.0063215424,0.025816053,52.7
9931,0.14208873,-0.10918918,40.9
9933,-0.12798712,0.03808419,41.65
9934,-0.008281583,0.04922781,13.5
9935,-0.0075560003,0.06988388,19.5
9937,-0.07804797,-0.06587183,64.7
9938,-0.20120789,0.021951731,55.7
9939,-0.063542,0.00029329583,107.0
9940,-0.007918874,-0.062904775,30.05
9941,-0.09970875,0.061702803,197.0
9942,-0.06294239,0.03686968,159.5
9943,0.0031836317,0.033538852,83.0
9944,-0.049444847,0.019096587,22.2
9945,-0.029873619,0.01222182,35.7
9946,0.053231873,0.003298774,14.8
9955,-0.046175912,0.05702779,26.15
9958,-0.065528706,0.030183323,101.0
